{
    "traffic": [
        {
            "id": 17.0,
            "label": "car",
            "position": [
                126.61192827260224,
                37.528175257632284
            ],
            "lane": 2.0,
            "speed": 43.0,
            "eta": 40.970965293863166,
            "timestamp": 1673417234
        }
    ]
}